id,name
1,
8,ECW World Heavyweight Title
16,ECW Tag Team Titles
44,ECW World Television Title
1757,ECW FTW Title ECW World Heavyweight Title
1827,ECW FTW Title
4069,WWA World Welterwight Title
4120,ECW Tag Team Titles ECW World Television Title
4677,NWA World Heavyweight Title
4904,ASWA Heavyweight Title
4905,MEWF Mid-Atlantic Heavyweight Title
4907,ASWA Tag Team Titles MEWF Tag Team Titles
4909,MEWF Heavyweight Title
4949,ECW Maryland Title
4975,ECW Pennsylvania Title
4993,ECWA Tag Team Titles WWA Tag Team Titles
4997,ECW World Heavyweight Title WWA World Heavyweight Title
5153,WWE EVOLVE Women's Title
5156,NXT Women's Title
5158,WWE Speed Title
5159,TNA International Championship
5177,NXT North American Championship
5178,NXT Women's North American Title
5182,NXT Championship
5210,WWE Women's United States Championship
5216,WWE Speed Women's Title
5267,WWE Evolve Championship
5270,TNA Knockouts Championship
5272,AAA World Mixed Tag Team Titles
5274,NXT Tag Team Titles
5344,TNA X-Division Title
5439,NXT Championship TNA World Heavyweight Title
5440,WWE Womens Tag Team Championship
5483,TNA World Heavyweight Title
5629,NXT Heritage Cup
5859,TNA World Tag Team Titles
5863,NXT Women's North American Title NXT Women's Title
6581,NXT Women's Tag Team Titles
7442,WWE World Heavyweight Championship
8177,NXT Tag Team Titles NXT UK Tag Team Championship
8178,NXT UK Women's Title NXT Women's Title
8180,NXT Championship NXT UK Championship
8194,NXT UK Tag Team Championship
8565,Dusty Rhodes Tag Team Classic Cup
8605,NXT Cruiserweight Championship NXT North American Championship
8637,NXT Cruiserweight Championship
8751,Million Dollar Title
8753,NXT UK Championship
8811,NXT North American Championship NXT Tag Team Titles
8867,Interim NXT Cruiserweight Championship NXT Cruiserweight Championship
8932,Interim NXT Cruiserweight Championship
9120,NXT Championship NXT North American Championship
9983,NXT UK Women's Title
10156,WWE Cruiserweight Title
10584,WWE United Kingdom Championship
11461,NXT North American Championship WWE United Kingdom Championship
12046,PROGRESS Tag Team Titles
12047,PROGRESS Women's Title
12051,WWN Title
12054,PROGRESS Title
12075,EVOLVE Tag Team Titles
17642,WWE Divas Championship
17647,WWE Intercontinental Championship
17651,WWE United States Championship
18039,World Heavyweight Championship (WWE)
18101,WWE Tag Team Championship
18282,WCW World Heavyweight Title
18287,WCW Cruiserweight Tag Team Titles
18306,WCW Cruiserweight Championship
18307,WCW World Tag Team Titles
18309,WCW United States Title
18461,WCW Hardcore Title
19033,WCW Hardcore Title WCW United States Title
19139,WCW World Television Title
20021,WCW United States Title WCW World Television Title
20091,IWGP Junior Heavyweight Title
22833,WCCW World Heavyweight Title
22899,IWGP World Tag Team Titles
23100,WCW Cruiserweight Championship WCW United States Title
24302,WCW Women's Championship
24785,J-Crown Championship WCW Cruiserweight Championship
24880,J-Crown Championship
25060,AAA Mega Championship
25838,IWGP Heavyweight Championship
26013,WCW International World Heavyweight Championship WCW World Heavyweight Title
26020,WCW International World Heavyweight Championship
26225,NWA Tag Team Titles WCW World Tag Team Titles
26250,SMW Tag Team Titles
26375,NWA Tag Team Titles
26378,WCW Light Heavyweight Championship
26474,WCW United States Tag Team Championship
26630,WCW World Six-Man Tag Team Championship
27003,NWA World Heavyweight Title WCW World Heavyweight Title
27043,NWA United States Tag Team Titles
27095,NWA World Television Title
27108,WWE Women's Intercontinental Championship
27110,Undisputed WWE Championship
27167,WWE Women's Championship (2016)
27191,WWE Women's World Title
27194,World Tag Team Titles (WWE)
27399,WWE Women's Crown Jewel Championship
27402,WWE Crown Jewel Championship
27644,AAA Tag Team Titles
27768,WWE Championship
29322,WWE Championship WWE Universal Championship
29324,WWE Raw Tag Team Championship WWE Smackdown Tag Team Championship
29346,WWE Raw Tag Team Championship WWE Smackdown Womens Championship
30534,NXT Women's Tag Team Titles WWE Womens Tag Team Championship
30594,WWE Smackdown Women's Title
30626,WWE Raw Women's Title
30734,WWE Smackdown Tag Team Championship
31138,WWE Raw Tag Team Championship
31497,WWE 24/7 Title
31971,WWE Unified Tag Team Titles
32385,WWE Smackdown Womens Championship
32600,WWE Universal Championship
34565,Money In the Bank Briefcase
35982,WWE World Championship
36088,WWE Raw Women's Title WWE Universal Championship
36415,WWE Universal Championship WWE World Championship
36436,WWE Raw Women's Title WWE Smackdown Women's Title
36899,PROGRESS Atlas Title
41083,Cruiserweight Classic Championship WWE Cruiserweight Title
43540,WWE United States Championship WWE World Heavyweight Championship
44642,WWE King of the Ring
50658,Spot In the Royal Rumble Match
51352,World Heavyweight Championship (WWE) WWE Championship
54425,WWE Championship WWE Championship
55527,WWE Divas Championship WWE Women's Championship (original)
55583,WWE Women's Championship (original)
57457,World Tag Team Titles (WWE) WWE Tag Team Championship
58003,WWE Intercontinental Championship WWE Women's Championship (original)
61078,WWE Championship WWE Intercontinental Championship
61129,Money In the Bank Briefcase WWE Intercontinental Championship
62347,OVW Southern Tag Team Title
66109,WWF World Heavyweight Title
66153,World Heavyweight Championship (WWE) WWE Intercontinental Championship
66249,WWF Intercontinental Title
66411,WWE Hardcore Title WWE Intercontinental Championship
66426,WWE Undisputed Title
66438,WWE Hardcore Title
66477,WWF Hardcore Title
66585,WWE European Championship WWE Intercontinental Championship
66598,WWE European Championship
66744,WWF Cruiserweight Title
66840,WWE European Championship WWE Women's Championship (original)
66939,WWWF World Heavyweight Title
66940,WWWF International Tag Team Titles
66944,WWWF Junior Heavyweight Title
66961,WWWF Martial Arts Title
66998,WWWF Womens Title
67561,AWA World Heavyweight Championship
67594,NWA Womens Title
68040,WWWF United States Tag Team Titles
68362,Ring Ka King Heavyweight Championship
68386,WWWF United States Title
68565,WWF Tag Team Titles
68576,WWF European Title
68591,WWF Women's Title
68624,WWF Undisputed Title
68894,WWF Light Heavyweight Title
69631,WCW United States Title WWF Intercontinental Title
69632,WCW World Tag Team Titles WWF Tag Team Titles
69680,WCW World Heavyweight Title WWF World Heavyweight Title
70120,WCW Cruiserweight Championship WWF Light Heavyweight Title
70592,WWF King of the Ring
70909,WWF Intercontinental Title WWF Tag Team Titles WWF World Heavyweight Title
73923,WWF European Title WWF International Title
73957,WWF European Title WWF Intercontinental Title
75994,NWA North American Heavyweight Title
77758,USWA Heavyweight Title
79510,WWF International Title WWF World Heavyweight Title
81972,WWF Intercontinental Title WWF World Heavyweight Title
85576,WWF Women's Tag Team Titles
87145,WWF International Title
87619,WWF Martial Arts Title
87621,WWF Junior Heavyweight Title
88233,WWF North American Title
